Problem 1 Scores:,GAN,VAE
Nearest Dataset Sample,0.01396806033720238,0.04027716181571672
Nearest Generated Sample,0.08731898762095093,0.0942476236833503
Rediscovery,0.0803245285244904,0.08696770349048058
F1,0.6049653479816132,0.5815879697285175
F10,0.9625193266894567,0.9070945374227984
F0.1,0.7830889888591845,0.8042322917407987
AUC-PR,0.6058232041217491,0.5900149611840958
MMD,0.006380856037139893,0.05061262845993042
ML Efficacy,0.7815092482401308,0.7645064990985966
