Problem 1 Scores:,GAN,VAE
Predicted Constraint Satisfaction,0.872,0.7691999999999999
Validity,0.864,0.755
Nearest Invalid Sample,0.20386245533380065,0.18033536021687732
